resolvedor,media,desviacion_estandar,minimo,maximo
AG,0.022964417934417725,0.022992309343300123,4.744529724121094e-05,0.04899001121520996
PSO,0.023140251636505127,0.023277626187112436,6.9141387939453125e-06,0.05005168914794922
TS,0.5033795237541199,0.671022895251563,3.5762786865234375e-06,1.6342694759368896
fuerza_bruta,N/A,N/A,N/A,N/A
viajante,1.4066696166992188e-05,0.0,1.4066696166992188e-05,1.4066696166992188e-05
