indice,AG,PSO,TS,fuerza_bruta,viajante
0,0.00011181831359863281,2.765655517578125e-05,1.6927719116210938e-05,1.4066696166992188e-05
1,0.042708396911621094,0.04247474670410156,0.3792281150817871
2,4.744529724121094e-05,6.9141387939453125e-06,3.5762786865234375e-06,3.0994415283203125e-06
3,0.04899001121520996,0.05005168914794922,1.6342694759368896
